{"cameraMode":{"drawMode":0,"name":"Shaded","section":"Shading Mode"},"sceneLighting":false,"audioPlay":false,"sceneViewState":{"m_AlwaysRefresh":false,"showFog":true,"showSkybox":false,"showFlares":true,"showImageEffects":true,"showParticleSystems":true,"showVisualEffectGraphs":true,"m_FxEnabled":true},"in2DMode":false,"pivot":{"x":-12.927642822265625,"y":8.022768020629883,"z":3.573516845703125},"rotation":{"x":-0.006970731541514397,"y":-0.24497844278812409,"z":-0.0017624193569645286,"w":0.9695049524307251},"size":104.64314270019531,"orthographic":false}